{"cameraMode":{"drawMode":0,"name":"Shaded","section":"Shading Mode"},"sceneLighting":true,"audioPlay":false,"sceneViewState":{"m_AlwaysRefresh":false,"showFog":true,"showSkybox":true,"showFlares":true,"showImageEffects":true,"showParticleSystems":true,"showVisualEffectGraphs":true,"m_FxEnabled":true},"in2DMode":false,"pivot":{"x":443.89166259765627,"y":230.69725036621095,"z":545.0452880859375},"rotation":{"x":-0.010809672065079213,"y":0.00209714169614017,"z":-0.00002357644734729547,"w":-0.9999287128448486},"size":531.0322875976563,"orthographic":false}