{"cameraMode":{"drawMode":0,"name":"Shaded","section":"Shading Mode"},"sceneLighting":true,"audioPlay":false,"sceneViewState":{"m_AlwaysRefresh":false,"showFog":true,"showSkybox":true,"showFlares":true,"showImageEffects":true,"showParticleSystems":true,"showVisualEffectGraphs":true,"m_FxEnabled":true},"in2DMode":false,"pivot":{"x":547.451171875,"y":195.43870544433595,"z":-235.03759765625},"rotation":{"x":0.029684431850910188,"y":0.008093565702438355,"z":0.00024009325716178864,"w":-0.9995189309120178},"size":157.52059936523438,"orthographic":false}